100,datas[0],Kevon Lytton,24781 Starling Plaza,4092240022,Carrol Rodrigo,1443 Village Drive,3862043511
99,datas[0],Fara Fotheringham,2 Kim Center,6989422054,Heidi Hassey,2514 Sommers Hill,6325248406
98,datas[0],Arie Godthaab,5465 Mcbride Trail,5113520543,Vicki Jacqueminot,2 John Wall Plaza,3658388555
97,datas[0],Shaughn Addams,320 Gulseth Circle,6185645420,Gerardo Quigg,524 Division Pass,8878810497
96,datas[0],Worthy Fernandes,1 Doe Crossing Plaza,4323309753,Callie Hampshaw,6953 Moulton Avenue,8019556181
95,datas[0],Matelda Shefton,284 Arapahoe Plaza,7981289764,Katine Lunck,00894 Nova Place,7169495489
94,datas[0],Ferne Rouby,8679 Comanche Hill,6614849789,Aliza Couche,1 East Crossing,8737787351
93,datas[0],Harriette Thames,9 Oak Way,4553578350,Sybyl Gimlet,12 Grim Drive,1589213876
92,datas[0],Livvy Hattiff,82 Talisman Crossing,1122850052,Sherry Kennea,5676 Hollow Ridge Crossing,8056504999
91,datas[0],Loy Speight,23 Oakridge Park,3688469475,Norene Ladloe,9 Nelson Road,7678681377
90,datas[0],Philis Maroney,23229 Knutson Plaza,4113453440,Grannie Petti,6 Bartelt Avenue,7967117017
89,datas[0],Pamella Ivory,76542 Dunning Circle,4785910822,Cybill Meaden,60 Scofield Lane,7578108599
88,datas[0],Philippine Candlish,43569 Arapahoe Circle,3165646850,Kessiah Banner,92976 Cherokee Center,1266874596
87,datas[0],Ashlin Terran,667 Blaine Plaza,6427847251,Shannon Keel,8316 Rowland Park,1008684159
86,datas[0],Kelcey Boone,8946 Ridgeview Crossing,8457811834,Ilario Ollivierre,6 Hanover Drive,6496158193
85,datas[0],Haleigh Bowstead,2793 International Avenue,9708122341,Inglebert Prendeville,94 3rd Way,7609233778
84,datas[0],Boothe Sorsbie,3 Paget Terrace,2751837229,Engelbert Kiley,6814 Veith Court,9042144242
83,datas[0],Adi Cettell,1603 Huxley Avenue,4078946170,Concettina Hamby,4650 Schurz Plaza,2508813968
82,datas[0],Findley Bigland,49 Spaight Terrace,3316942449,Roderich Tremathack,87 Bartillon Park,5326610177
81,datas[0],Willy Dixcey,0078 Darwin Junction,8768901344,Lorelle Caird,19269 Golf View Parkway,4531391472
80,datas[0],Ashbey Janjusevic,7 American Ash Avenue,6184531235,Cross Henrion,36880 Stoughton Pass,7472405909
79,datas[0],Vite Pankethman,69 Forster Lane,1283130780,Chaddy Dubois,4 Anhalt Terrace,2936972923
78,datas[0],Glenine Mortel,933 Lunder Alley,7703637643,Merill Chretien,28 Fairview Junction,1473995174
77,datas[0],Esra Dennidge,89 Linden Road,1782456107,Ursa Jirasek,4 Briar Crest Terrace,2491084968
76,datas[0],Cori Shimwell,77 Parkside Park,9052382850,Johann Carratt,0309 Esch Terrace,1416959716
75,datas[0],Meridel Gommey,7585 Evergreen Road,9442753364,Carolina Wilkins,897 Esch Avenue,4688747113
74,datas[0],Ollie Pylkynyton,87389 Saint Paul Avenue,5539938761,Finn Pearcy,20 Village Trail,7912845419
73,datas[0],Marji Reder,30721 Fairfield Avenue,3512930559,Charissa Brugh,5573 Parkside Junction,3773759588
72,datas[0],Bettye Roddam,1 Arrowood Road,7226417415,Beulah Waker,3006 John Wall Court,4531157170
71,datas[0],Nerte Reiach,97800 Maple Wood Street,5261208381,Ninnette Cartmael,9774 Scott Drive,3174780393
70,datas[0],Gael Hawyes,0563 Hoepker Drive,7086391972,Alfy Trowle,306 Gale Court,5363128508
69,datas[0],Sutherlan Gamblin,50785 3rd Alley,1075856019,Bern Silvester,3617 Doe Crossing Pass,8895419431
68,datas[0],Alanson Jesty,82225 Fuller Terrace,8355047113,James Paulat,12782 Ridge Oak Crossing,2557279649
67,datas[0],Thomasa Miller,13 Jenifer Way,6291532953,Cori Fotherby,81658 Reinke Place,5696395996
66,datas[0],Kirstyn McNulty,288 Logan Lane,2715736909,Rasla Coucher,63800 Carpenter Plaza,1731942483
65,datas[0],Rurik Hoovart,4 Cody Alley,2601094150,Lanae Waberer,05 Westend Parkway,6038449878
64,datas[0],Vivia Loftus,359 Prentice Court,1382939366,Dotti Candelin,30421 Texas Lane,4784934500
63,datas[0],Jecho Copping,417 Burning Wood Plaza,6793225376,Gabbi MacTeague,246 Walton Avenue,8818649330
62,datas[0],Rafaelita Gaines,00 Corry Pass,9732190895,Abbe Tomaschke,596 Luster Circle,9719022911
61,datas[0],Amata Causley,007 South Drive,5214382008,Stafford Marriage,906 Pine View Parkway,2365312228
60,datas[0],Eilis Corselles,9 Bunker Hill Place,6156361313,Ansel Parmley,1195 Sage Pass,6541426528
59,datas[0],Tine Ratt,45543 Carpenter Point,6889763885,Gabbie Kyngdon,25 Burning Wood Junction,8958049916
58,datas[0],Cherie Nuccitelli,942 American Alley,7187444434,Rachelle Hankin,21 Westridge Alley,4672643986
57,datas[0],Brenda Minichillo,54738 Merchant Drive,5614078467,Elbertine Gorham,039 Armistice Place,4096050143
56,datas[0],Grace Rogan,12 Westend Park,3949847300,Jillian Purchall,93 Kings Terrace,1927984846
55,datas[0],Reinhold Sizzey,2 Loomis Court,2615335000,Norbie Leathers,1617 Tony Junction,4761272977
54,datas[0],Devondra Lowing,6 Center Point,3301361492,Emery Hachard,43 South Pass,5958139951
53,datas[0],Chucho Thomel,431 Iowa Court,6794370036,Warner Mawer,0036 Melvin Parkway,2678510076
52,datas[0],Tiebold Symones,4 Roxbury Alley,1034673395,Dyana Pensom,2 Memorial Crossing,8407631574
51,datas[0],Jayme Dundon,24 Cody Avenue,2897330930,Trisha Clampett,8 Paget Crossing,9677410372
50,datas[0],Kamilah Cohr,086 Rutledge Hill,7252512064,Vergil Shakesby,703 Susan Lane,1232434556
49,datas[0],Chaunce Larchier,9 Bowman Junction,1526269045,Kristine Trinke,159 Green Junction,1667834279
48,datas[0],Arie Mully,57 Homewood Place,5195935736,Anet Tinham,6 Lien Road,1209159273
47,datas[0],Pren Sigart,1 Norway Maple Terrace,6149915914,Dar Kahler,4552 Debs Street,8467459654
46,datas[0],Faye Bessell,8103 Truax Point,6136006253,Jayme Pothergill,647 Knutson Junction,5595249774
45,datas[0],Emmalee Sulter,6 Ridge Oak Park,5045131032,Haslett Pirkis,78 Mallard Parkway,8074063812
44,datas[0],Nickie Marrison,42 Lerdahl Lane,6563955965,Abbey Beddoes,2523 Bellgrove Trail,7252775095
43,datas[0],Taryn Sandle,4829 Sheridan Crossing,5976683698,Timmie Poston,4735 American Ash Hill,3847583566
42,datas[0],Donal Moodey,723 Gerald Crossing,3523023426,Derby Radish,025 Evergreen Way,8618753938
41,datas[0],Rawley Simkovitz,49 Valley Edge Center,1271993372,Cindi Jozsika,0492 Oak Alley,7984144440
40,datas[0],Adora Callister,22756 Corscot Street,8064320376,Torey Burl,5 Hoffman Circle,7425496544
39,datas[0],Hobie Rheam,1965 Lakewood Gardens Lane,9694472405,Deloria Bernhardt,18892 Oxford Point,1067042828
38,datas[0],Selinda Woolveridge,21 Killdeer Court,6159500748,Appolonia Shankland,20562 Victoria Circle,1142684296
37,datas[0],Flori Rantoull,2031 Prairie Rose Terrace,6925235928,Reube Wentworth,61036 Debs Alley,2438339062
36,datas[0],Barnabe Bromley,5 Darwin Avenue,6721103402,Raymund Ramsier,90 Lukken Trail,3352368631
35,datas[0],Thaddus Woolis,02 Ohio Road,4254627052,Stewart Sheach,83 Northport Plaza,7523043700
34,datas[0],Estell Bolsteridge,73 Fremont Pass,3655101595,Yvonne Scown,7 Buena Vista Terrace,1365192412
33,datas[0],Gerianna Ewing,05074 Jana Plaza,7534835349,Rodolph Kenforth,5834 Stone Corner Lane,5564732289
32,datas[0],Chloris Ruter,2623 Dovetail Lane,2634495222,Riannon McElory,58 Dennis Street,1317540893
31,datas[0],Sue Kivlin,622 Kinsman Avenue,8369817819,Rebeka Antonutti,8 Leroy Drive,1939773500
30,datas[0],Yolande Tincknell,015 Artisan Center,8515428216,Billy Arlett,6545 Kropf Junction,7588017630
29,datas[0],Marti Dewdney,6333 Lakewood Gardens Lane,6416141498,Euell Cupitt,8 Merrick Circle,6935217915
28,datas[0],Marjory Gent,305 Raven Way,6255906319,Brittni Tucker,92641 Maple Wood Alley,2975487460
27,datas[0],Tris Cotterel,54469 Welch Junction,1226789834,Prisca Redfearn,3633 Maywood Hill,1647137844
26,datas[0],Malinda Cecely,126 Tomscot Terrace,7534861581,Kori Klaffs,13126 Carpenter Lane,7472376667
25,datas[0],Judy Harrill,280 Anniversary Court,2661949828,Gayel Roskeilly,337 Randy Way,1488611311
24,datas[0],Worden McGurgan,1 Forest Dale Hill,9703437733,Helaina McEachern,25065 Hoffman Place,7418211344
23,datas[0],Jewelle Reiling,3956 Kenwood Alley,2099149146,Florrie Leahy,30 Paget Crossing,9751945126
22,datas[0],Johann Leander,3268 Westport Junction,7312938545,Corinna Perllman,79 Westport Crossing,8305986868
21,datas[0],Danita Carmont,54366 Bultman Park,3849140866,Tarrance Jzhakov,7830 Oak Valley Terrace,1877763214
20,datas[0],Marcus Calverd,2 Cherokee Road,7447056210,Reider Erett,1 Trailsway Court,9831823377
19,datas[0],Dave Rammell,4 Buena Vista Alley,4855689504,Benoit Campes,4 Northview Plaza,1829449847
18,datas[0],Binky Vickerstaff,28597 Hoepker Plaza,1685662012,Mattheus Gulston,196 Alpine Avenue,2506723562
17,datas[0],Olivette Roman,3949 Scoville Crossing,4961977135,Madge Imlach,436 Tomscot Park,3031112327
16,datas[0],Atlanta Daily,13 Forest Park,8513350412,Euphemia Kellett,5 Elgar Hill,2042968843
15,datas[0],Portie Eyton,81 Bowman Avenue,2672060897,Merline Peron,06 Blue Bill Park Circle,5872318105
14,datas[0],Velvet Dunbavin,70910 Dayton Way,9379881379,Gayler Terzi,4 Glacier Hill Lane,7241393567
13,datas[0],Timoteo Moorman,19 Barby Circle,5934633701,Flossie Ivanikov,5351 Lyons Center,2694423318
12,datas[0],Berne Askem,232 Rutledge Hill,3174754998,Mill Girdlestone,5 Elmside Circle,8236803342
11,datas[0],Raphael Selly,01211 Badeau Trail,1752213653,Mallory Yon,04283 Mockingbird Drive,7837285083
10,datas[0],Bren Linnemann,96149 Stoughton Point,8794558176,Toby Sawford,20 Sauthoff Circle,9703507920
9,datas[0],Early Struss,6 Lillian Street,9029024840,Cheston Piggot,41 Michigan Alley,9916928202
8,datas[0],Humfried Fozard,2822 Northland Place,2659139311,Frederik Jimson,3 Hermina Alley,9516799323
7,datas[0],Rand Annwyl,4324 Stang Pass,5185210682,Di Mettericke,70 Helena Park,8443900093
6,datas[0],Ingmar Levi,033 Warner Center,8492800371,Laural Raistrick,2 Cordelia Parkway,3712365801
5,datas[0],Olag Ishak,396 Acker Road,3225176775,Terza Golbourn,648 Kings Street,4992589698
4,datas[0],Eldin Verzey,5 Swallow Point,2495629402,Hadria Alywin,21047 Bartelt Place,5857131529
3,datas[0],Dukie Lillegard,40279 Monica Alley,4476762147,Daisie Asling,8 Stoughton Avenue,6819022648
2,datas[0],Alia Rushmer,3128 Arrowood Center,1591939569,Abdul Simondson,68960 Glacier Hill Parkway,4983315575
1,datas[0],Leighton Beecraft,63 Dahle Street,4035679384,Bernice Chastenet,547 Rieder Trail,6401769360
